model	beta_flip	n_eqtl	n_quasar	n_join	corr_beta	corr_log10p	median_abs_dbeta	median_abs_dlog10p	frac_sign_agree
lm	0	11537	11507	11507	0.994013	0.99177	0.0045031	0.0182918	0.971496
nb_glm	1	11537	11507	11507	0.969326	0.93198	0.0014883	0.0336392	0.925176
lmm	0	11537	11507	11507	0.993072	0.989671	0.0048554	0.0188216	0.972365
